{
    "RMSE": 36.80030835893226,
    "MAE": 25.732606887817383,
    "R2_Score": 0.7035842537879944,
    "Best_Params": {
        "eta": 0.05339350611055098,
        "max_depth": 9,
        "subsample": 0.9443612910854553,
        "colsample_bytree": 0.9938713485480978
    }
}